carrier,country,2013-01-01,2013-01-08,2013-01-15,2013-01-22,2013-01-29,2013-02-05,2013-02-12,2013-02-19,2013-02-26,2013-03-05,2013-03-12,2013-03-19,2013-03-26,2013-04-02,2013-04-09,2013-04-16,2013-04-23,2013-04-30,2013-05-07,2013-05-14,2013-05-21,2013-05-28,2013-06-04,2013-06-11,2013-06-18,2013-06-25,2013-07-02,2013-07-09,2013-07-16,2013-07-23,2013-07-30,2013-08-06,2013-08-13,2013-08-20,2013-08-27,2013-09-03,2013-09-10,2013-09-17,2013-09-24,2013-10-01,2013-10-08,2013-10-15,2013-10-22,2013-10-29,2013-11-05,2013-11-12,2013-11-19,2013-11-26,2013-12-03,2013-12-10,2013-12-17,2013-12-24,2013-12-31
OCGT,AT,0.0,2.8192,2.8192,2.8192,0.0,0.0,2.8192,0.0,2.8192,0.0,0.0,0.0,0.0,0.0,0.0,0.0,0.0,0.0,0.0,0.0,0.0,0.0,0.0,0.0,0.0,0.0,0.0,0.0,0.0,0.0,0.0,0.0,0.0,0.0,0.0,0.0,0.0,0.0,0.0,0.0,0.0,0.0,0.0,0.0,0.0,2.8192,2.8192,2.8192,0.0,0.0,0.0,0.0,0.0
OCGT,BE,0.0,0.0,0.7855015588733033,0.0,0.0,0.0,0.0,0.0,0.0,0.0,0.0,0.0,0.0,0.0,0.0,0.0,0.0,0.0,0.0,0.0,0.0,0.0,0.0,0.0,0.0,0.0,0.0,0.0,0.0,0.0,0.0,0.0,0.0,0.0,0.0,0.0,0.0,0.0,0.0,0.0,0.0,0.0,0.0,0.0,0.0,0.0,0.0,0.0,0.0,0.0,0.0,0.0,0.0
OCGT,DE,0.0,22.8885365,22.8885365,18.212092015453724,0.0,20.684836500000003,22.8885365,20.684836500000003,20.684836500000003,0.0,10.289335542626983,0.0,15.150385122326856,16.810758999999997,0.0,0.0,0.0,0.0,0.0,0.0,0.0,0.0,0.0,0.0,0.0,0.0,0.0,0.0,3.235,0.0,0.0,0.0,0.0,0.3654406032275682,0.0,3.235,3.022228900145975,0.0,3.235,0.0,3.235,0.0,0.0,0.0,3.235,22.8885365,22.8885365,20.684836500000003,4.526185797938766,20.684836500000003,0.0,0.0,0.0
OCGT,DK,0.0,0.5002,0.5002,0.0,0.0,0.10950376584431706,1.1032,0.0,0.5002,0.0,0.0,0.0,0.0,0.0,0.0,0.0,0.0,0.0,0.0,0.0,0.0,0.0,0.0,0.0,0.0,0.0,0.0,0.0,0.0,0.0,0.0,0.0,0.0,0.0,0.0,0.0,0.0,0.0,0.0,0.0,0.0,0.0,0.0,0.0,0.0,0.5002,0.5002,0.5002,0.0,0.5002,0.0,0.0,0.0
OCGT,FR,0.0,6.116,6.116,6.116,0.0,0.0,6.116,4.361169782775678,6.116,0.0,0.0,0.0,0.0,0.0,0.0,0.0,0.0,0.0,0.0,0.0,0.0,0.0,0.0,0.0,0.0,0.0,0.0,0.0,0.0,0.0,0.0,0.0,0.0,0.0,0.0,0.0,0.0,0.0,0.0,0.0,0.0,0.0,0.0,0.0,0.0,6.116,6.116,6.116,0.0,3.4249085680368005,0.0,0.0,0.0
OCGT,GB,0.0,4.896509637259017,0.0,0.0,0.0,0.0,13.363440524149986,3.175128954657302,10.316852682819,0.0,0.0,0.0,0.0,0.0,0.0,0.0,0.0,0.0,0.0,0.0,0.0,0.0,0.5438972663419238,0.0,0.0,0.0,0.0,5.897959454159718e-12,0.0,0.0,0.0,0.0,0.0,0.0,0.0,0.0,0.0,0.0,0.0,0.0,0.0,0.0,0.0,0.0,0.0,0.0,3.9754930772166253,0.0,0.0,0.0,0.0,0.0,0.0
OCGT,NL,0.0,9.1511,9.1511,0.0,0.0,0.0,9.1511,0.0,3.776242364522225,0.0,0.0,0.0,0.0,0.0,0.0,0.0,0.0,0.0,0.0,0.0,0.0,0.0,0.0,0.0,0.0,0.0,0.0,0.0,0.0,0.0,0.0,0.0,0.0,0.0,0.0,0.0,0.0,0.0,0.0,0.0,0.0,0.0,0.0,0.0,0.0,1.7402338606417471,9.1511,2.0866366690330143,0.0,0.0,0.0,0.0,0.0
OCGT,PL,0.0,0.0,0.8526266742584018,2.125,0.0,0.0,2.125,0.0,0.0,0.0,0.0,0.0,0.0,0.0,0.0,0.0,0.0,0.0,0.0,0.0,0.0,0.0,0.0,0.0,0.0,0.0,0.0,0.0,0.0,0.0,0.0,0.0,0.0,0.0,0.0,0.0,0.0,0.0,0.0,0.0,0.0,0.0,0.0,0.0,0.0,0.0,0.5403758966094537,0.0,0.0,0.23512345140400914,0.0,0.0,0.0
OCGT,SE,0.0,1.091,1.091,0.0,0.0,1.091,1.091,0.0,0.0,0.0,0.0,0.0,0.0,0.0,0.0,0.0,0.0,0.0,0.0,0.0,0.0,0.0,0.0,0.0,0.0,0.0,0.0,0.0,0.0,0.0,0.0,0.0,0.0,0.0,0.0,0.0,0.0,0.0,0.0,0.0,0.0,0.0,0.0,0.0,0.0,0.0,0.8842743832613842,0.0,0.0,0.0,0.0,0.0,0.0
biomass,BE,0.268,0.268,0.268,0.268,0.0,0.268,0.268,0.268,0.268,0.268,0.268,0.268,0.268,0.268,0.268,0.0,0.268,0.268,0.0,0.268,0.268,0.268,0.268,0.05672215047121586,0.268,0.268,0.268,0.268,0.268,0.268,0.268,0.268,0.268,0.268,0.268,0.268,0.268,0.268,0.268,0.268,0.268,0.268,0.268,0.268,0.268,0.268,0.268,0.268,0.268,0.268,0.268,0.268,0.268
biomass,CH,0.0860862,0.0860862,0.0860862,0.0860862,0.0,0.0860862,0.0860862,0.0860862,0.0860862,0.0860862,0.0860862,0.0860862,0.0860862,0.0860862,0.0860862,0.0860862,0.0860862,0.0860862,0.0860862,0.0860862,0.0860862,0.0860862,0.0860862,0.0,0.0860862,0.0860862,0.0860862,0.0860862,0.0860862,0.0860862,0.0860862,0.0860862,0.0860862,0.0860862,0.0860862,0.0860862,0.0860862,0.0860862,0.0860862,0.0860862,0.0860862,0.0860862,0.0860862,0.0860862,0.0860862,0.0860862,0.0860862,0.0860862,0.0860862,0.0860862,0.0860862,0.0860862,0.0860862
biomass,DE,8.004647826000001,8.004647826000001,8.004647826000001,8.004647826000001,2.4740720960605604,8.004647826000001,8.004647826000001,8.004647826000001,8.004647826000001,8.004647826000001,8.004647826000001,8.004647826000001,8.004647826000001,8.004647826000001,8.004647826000001,0.0,8.004647826000001,8.004647826000001,6.443379708878662,8.004647826000001,8.004647826000001,8.004647826000001,8.004647826000001,0.0,5.734262476,4.988055900865067,8.004647826000001,8.004647826000001,8.004647826000001,8.004647826000001,8.004647826000001,8.004647826000001,8.004647826000001,8.004647826000001,8.004647826000001,8.004647826000001,8.004647826000001,8.004647826000001,8.004647826000001,8.004647826000001,8.004647826000001,8.004647826000001,0.24703346662213335,8.004647826000001,8.004647826000001,8.004647826000001,8.004647826000001,8.004647826000001,8.004647826000001,8.004647826000001,8.004647826000001,6.154820970181491,8.004647826000001
biomass,DK,0.115,0.115,0.115,0.115,0.0,0.115,0.115,0.115,0.115,0.115,0.115,0.115,0.115,0.115,0.115,0.0,0.115,0.115,0.115,0.115,0.115,0.115,0.115,0.0,0.04025344677220079,0.0,0.115,0.115,0.115,0.115,0.115,0.115,0.115,0.115,0.115,0.115,0.115,0.115,0.115,0.115,0.115,0.115,0.0,0.115,0.115,0.115,0.115,0.115,0.115,0.115,0.115,0.0,0.115
biomass,FR,0.77033545,0.77033545,0.77033545,0.77033545,0.0,0.77033545,0.77033545,0.77033545,0.77033545,0.77033545,0.77033545,0.77033545,0.77033545,0.77033545,0.77033545,0.0,0.77033545,0.77033545,0.0,0.77033545,0.77033545,0.77033545,0.77033545,0.0,0.77033545,0.77033545,0.77033545,0.77033545,0.77033545,0.77033545,0.77033545,0.77033545,0.77033545,0.77033545,0.77033545,0.77033545,0.77033545,0.77033545,0.77033545,0.77033545,0.77033545,0.77033545,0.0,0.77033545,0.77033545,0.77033545,0.77033545,0.77033545,0.77033545,0.77033545,0.77033545,0.77033545,0.77033545
biomass,GB,6.4104898931239935,6.725599999999999,6.725599999999999,6.725599999999999,0.0,6.725599999999999,6.725599999999999,6.725599999999999,6.725599999999999,6.725599999999999,6.725599999999999,0.06374139416540625,6.725599999999999,6.725599999999999,6.725599999999999,0.0,1.8176716228674088,6.725599999999999,0.0,6.725599999999999,0.4609752636928122,6.09815342029152,6.725599999999999,0.0,0.038700000000000005,0.038700000000000005,6.725599999999999,6.725599999999999,6.725599999999999,6.725599999999999,3.3212609112352047,6.725599999999999,5.008433740558178,6.725599999999999,6.725599999999999,6.725599999999999,6.725599999999999,6.725599999999999,6.725599999999999,4.382118788658999,6.725599999999999,6.725599999999999,0.0,6.725599999999999,6.725599999999999,6.725599999999999,6.725599999999999,6.725599999999999,6.725599999999999,6.330785725783968,0.018990618579111013,0.0,0.0077192875772259415
biomass,LU,0.0073895,0.0073895,0.0073895,0.0073895,0.0,0.0073895,0.0073895,0.0073895,0.0073895,0.0073895,0.0073895,0.0073895,0.0073895,0.0073895,0.0073895,0.0,0.0073895,0.0073895,0.0073895,0.0073895,0.0073895,0.0073895,0.0073895,0.0,0.0073895,0.0073895,0.0073895,0.0073895,0.0073895,0.0073895,0.0073895,0.0073895,0.0073895,0.0073895,0.0073895,0.0073895,0.0073895,0.0073895,0.0073895,0.0073895,0.0073895,0.0073895,0.0073895,0.0073895,0.0073895,0.0073895,0.0073895,0.0073895,0.0073895,0.0073895,0.0073895,0.0073895,0.0073895
coal,PL,0.0,0.0,0.0,0.0,0.0,0.0,2.1726104570135045,0.0,0.0,0.0,0.0,0.0,0.0,0.0,0.0,0.0,0.0,0.0,0.0,0.0,0.0,0.0,0.0,0.0,0.0,0.0,0.0,0.0,0.0,0.0,0.0,0.0,0.0,0.0,0.0,0.0,0.0,0.0,0.0,0.0,0.0,0.0,0.0,0.0,0.0,0.0,0.0,0.0,0.0,0.0,0.0,0.0,0.0
nuclear,BE,4.711524000000001,4.711524000000001,4.711524000000001,4.711524000000001,0.0,4.711524000000001,4.711524000000001,4.711524000000001,4.711524000000001,4.711524000000001,4.711524000000001,4.711524000000001,4.711524000000001,4.711524000000001,4.711524000000001,4.711524000000001,4.711524000000001,4.711524000000001,4.711524000000001,4.711524000000001,4.711524000000001,4.711524000000001,4.711524000000001,4.711524000000001,4.711524000000001,4.711524000000001,4.711524000000001,4.711524000000001,4.711524000000001,4.711524000000001,4.711524000000001,4.711524000000001,4.711524000000001,4.711524000000001,4.711524000000001,4.711524000000001,4.711524000000001,4.711524000000001,4.711524000000001,4.711524000000001,4.711524000000001,4.711524000000001,4.711524000000001,4.711524000000001,4.711524000000001,4.711524000000001,4.711524000000001,4.711524000000001,4.711524000000001,4.711524000000001,4.711524000000001,4.711524000000001,4.711524000000001
nuclear,CH,2.5839000000000003,2.5839000000000003,2.5839000000000003,2.5839000000000003,2.5839000000000003,2.5839000000000003,2.5839000000000003,2.5839000000000003,2.5839000000000003,2.5839000000000003,2.5839000000000003,2.5839000000000003,2.5839000000000003,2.5839000000000003,2.5839000000000003,2.5839000000000003,2.5839000000000003,2.5839000000000003,2.5839000000000003,2.5839000000000003,2.5839000000000003,2.5839000000000003,2.5839000000000003,2.5839000000000003,2.5839000000000003,2.5839000000000003,2.5839000000000003,2.5839000000000003,2.5839000000000003,2.5839000000000003,2.5839000000000003,2.5839000000000003,2.5839000000000003,2.5839000000000003,2.5839000000000003,2.5839000000000003,2.5839000000000003,2.5839000000000003,2.5839000000000003,2.5839000000000003,2.5839000000000003,2.5839000000000003,2.5839000000000003,2.5839000000000003,2.5839000000000003,2.5839000000000003,2.5839000000000003,2.5839000000000003,2.5839000000000003,2.5839000000000003,2.5839000000000003,2.5839000000000003,2.5839000000000003
nuclear,FR,40.9741,40.9741,40.9741,40.9741,33.639988555046564,40.9741,40.9741,40.9741,40.9741,40.9741,40.9741,40.9741,40.9741,40.9741,40.9741,40.9741,40.9741,40.9741,38.75040204071295,40.9741,40.9741,40.9741,40.9741,40.9741,40.9741,40.9741,40.9741,40.9741,40.9741,40.9741,40.9741,40.9741,40.9741,40.9741,40.9741,40.9741,40.9741,40.9741,40.9741,40.9741,40.9741,40.9741,40.9741,40.9741,40.9741,40.9741,40.9741,40.9741,40.9741,40.9741,40.9741,40.9741,40.9741
nuclear,GB,6.650528,6.650528,6.650528,6.650528,0.0,6.650528,6.650528,6.650528,6.650528,6.650528,6.650528,6.650528,6.650528,6.650528,6.650528,2.3068575541518865,6.650528,6.650528,0.0,6.650528,6.650528,6.650528,6.650528,6.650528,6.650528,6.650528,6.650528,6.650528,6.650528,6.650528,6.650528,6.650528,6.650528,6.650528,6.650528,6.650528,6.650528,6.650528,6.650528,6.650528,6.650528,6.650528,6.650528,6.650528,6.650528,6.650528,6.650528,6.650528,6.650528,6.650528,6.650528,6.650528,6.650528
nuclear,SE,7.333067,7.333067,7.333067,7.333067,7.333067,7.333067,7.333067,7.333067,7.333067,7.333067,7.333067,7.333067,7.333067,7.333067,7.333067,7.333067,7.333067,7.333067,7.333067,7.333067,7.333067,7.333067,7.333067,7.333067,7.333067,7.333067,7.333067,7.333067,7.333067,7.333067,7.333067,7.333067,7.333067,7.333067,7.333067,7.333067,7.333067,7.333067,7.333067,7.333067,7.333067,7.333067,7.333067,7.333067,7.333067,7.333067,7.333067,7.333067,7.333067,7.333067,7.333067,7.333067,7.333067
offwind-ac,BE,0.47275855385800003,0.38086035739,0.388529810477,0.46900935717,0.731377426408,0.593116195361,0.231238673657,0.64310059216,0.289809119292,0.415287590044,0.541044971257,0.511190502799,0.407611207433,0.580299277778,0.47314689912400004,0.5321928066130001,0.339677850322,0.377659486722,0.6271752162349999,0.356245719468,0.486386296291,0.44254598229099995,0.587935797613,0.528482291498,0.448341267484,0.302837187436,0.36016861036799996,0.269568468196,0.31386868007700003,0.234956629188,0.41008894105500004,0.27992465956400003,0.3783223687,0.162263174195,0.319878978482,0.158553978418,0.55385682022,0.346493749945,0.356192836157,0.413193498803,0.33298023154,0.429309638198,0.505308368104,0.504199840998,0.408492554874,0.247726118691,0.453501781423,0.22577682360700002,0.42563483152,0.388773012115,0.5248932209020001,0.46947769957,0.573351962507
offwind-ac,DE,0.941945637131,0.5376267830992,0.690165203134,0.76586402449,0.35048127674699997,0.626504975633,0.31496506518570005,0.945393558834,0.5045469290071,1.041853960463,0.691260820938,0.948937688292,0.616817701073,0.637537789534,0.696678701111,0.7126302488159999,0.634182482478,0.3935138202902,0.6149777960689999,0.4656995260579,0.626456409739,0.850089635955,0.30629466341030004,0.695596862493,0.640413084129,0.8492717094969999,0.2250501788037,0.4825124193219,0.3382911764533,0.24410202769199998,0.50513038382,0.635530032829,0.611493569895,0.573551445382,0.597816123727,0.5073677436998,0.506327645655,0.6309007618019999,0.506751189786,0.747580562226,0.5583895693509999,0.5416651939449999,0.8727017697139999,0.818857612129,0.6170306114699999,0.491792018558,0.4471460465586,0.6296979824279999,0.7521412898400001,0.6298646893850001,0.810886137438,0.774656456693,0.921104000726
offwind-ac,DK,0.6792414921350001,0.526659840324,0.5345597555739999,0.631399301558,0.651527335624199,0.508968937063,0.363616796164,0.666994540798,0.47466129973599996,0.75536417292,0.5449069041929999,0.801353426775,0.39605159967099995,0.35973629023799997,0.601163031413,0.616257402854,0.616311682778,0.404935659254,0.534936545852,0.502939099938,0.509129474497,0.645409911493,0.2670373602394,0.580916826567,0.472399824537,0.6725124323889999,0.3321255486578,0.5638987887729999,0.398614014812,0.20676822737140002,0.46514448952,0.574795297508,0.616885777707,0.37838190405,0.541482252727,0.537479239688,0.41092728704799997,0.449349408396,0.331826226858,0.707314539553,0.47359693975199996,0.35280063544699997,0.656611076177,0.5873692725130001,0.46299631429399996,0.52316296146,0.3599291529659999,0.53094645922,0.548218072247,0.5678623662160001,0.6340306259619999,0.602381504654,0.689381444503
offwind-ac,GB,3.3275042730099997,1.8341288014,2.68475797144,3.12081171166,0.0,3.28419098203,2.22529796084,2.80779075602,1.58911650744,2.94800545273,2.62814395867,3.43134797469,2.89836111341,2.7346923243299996,2.97412494814,3.21247063976,2.67802763,1.98707902453,3.78299129191,2.31223506538,2.9394480074100002,1.95825220635,1.6579665838000002,3.0673661938,2.2634159443399997,2.09402421748,1.8181755966200002,0.863000274603,1.2333216068500001,1.6028858079,2.92293929417,1.9231170019000001,2.5029522203,1.36148511333,2.29424457139,1.57431009558,2.92867237581,2.25439321015,2.36282259999,3.21602243371,2.55500113214,2.41557575584,2.9747105604399997,2.7123528997,2.41475133929,2.01833926056,2.47864512594,1.57766223856,2.70728611688,2.8919017354,3.02275832636,2.79469996416,3.2767848915499997
offwind-ac,PL,2.985449896,2.8097383968300003,2.06013012274,2.12065805889,3.15216416745,1.71048639405,0.860365586106,3.27221198026,2.70048371394,3.5105556260100004,1.5495475401,2.42674391202,2.3294141258599996,2.29421710144,2.26958127861,2.58107990119,2.31000127643,1.13266879188,1.1828705376800002,2.62183493044,1.8706249388,3.00278742917,1.00951935795,1.79324660752,0.978331032038,2.1872942868300003,0.8034164077279999,2.40782493475,2.28183594963,0.94557158952,1.47071965995,1.76577702333,2.26484575818,1.51390273736,1.85599090726,1.73884159476,1.16601781362,1.9806764485000001,1.6435544994,2.10485085785,1.65206922934,1.21370448153,2.84496652214,2.82335725794,2.01044265515,2.25123451773,1.5091057751999999,2.33316444589,2.78893700708,2.23347542624,2.5974007642699997,2.53586455198,2.98318165887
offwind-ac,SE,0.122379188042,0.10926416942100001,0.107561375839,0.117891106379,0.126300441421,0.09463228910259999,0.0544257582831,0.12316250439399999,0.108650273106,0.139230028975,0.10945611150000001,0.138710728951,0.0629090007092,0.0611869676621,0.128317898815,0.135027238874,0.139264577085,0.12211648061,0.10022777566,0.142681320266,0.0851335077553,0.11115038240200001,0.044581134815699995,0.120185095956,0.0897265881515,0.0905736435666,0.089830651611,0.107524628445,0.0970544348041,0.0343305679557,0.0850506835814,0.0967117615438,0.125566046146,0.0575713413534,0.100426786231,0.0970422810995,0.06673738284530001,0.08069369000519999,0.0405395630214,0.13487096939700002,0.0897334293734,0.0625409647073,0.155677109467,0.132194044071,0.08589465183890001,0.129153244586,0.0737284248785,0.10857248415700001,0.128446865307,0.12297453039100001,0.148148975678,0.137915460367,0.15241146443599998
offwind-dc,DE,0.162063831123,0.182946085647,0.167183085141,0.161893595981,0.186455704576,0.10051306898199999,0.0661294997833,0.204122830763,0.147283836194,0.188919046018,0.0955462087452,0.218998753303,0.148185729984,0.13265557183799997,0.159545911066,0.14679529354300003,0.15169229526699998,0.09420386887979999,0.0987593719956,0.15078230512600002,0.114514885979,0.193755469105,0.0457900058588,0.129886907852,0.0802811794597,0.14747184984699999,0.0806352935922,0.14633768536,0.14036326083,0.0468036951852,0.116819655354,0.135819378817,0.132463660349,0.11521795179500001,0.123055212873,0.134982815487,0.0800047345481,0.10491960459,0.08210016236529999,0.162741155515,0.11360208147199999,0.08951519912179999,0.15919333619899997,0.15016869541400002,0.120514473746,0.136439700808,0.10633026819699999,0.128747347258,0.130099846659,0.133720268577,0.147949163893,0.134095516027,0.164111373141
offwind-dc,DK,0.43502863707899997,0.31659815874278996,0.3425364435533,0.38311722765359996,0.015211033542,0.3512035148896,0.25289247419524,0.3815314899768,0.34369949380764003,0.45846751976629996,0.37805446777556,0.4953450092535,0.26397535808873,0.22986540034421,0.3648026811114,0.40779025733200003,0.39007700924120003,0.3176757165452,0.40420058912295,0.338881674996,0.38446933730004,0.4346388876226,0.21834353516662997,0.38752897665064,0.32196798789743,0.41591215648099994,0.26400919170026,0.3628674654606,0.24191792095302,0.20048879247713,0.32024202060862,0.35284444056489994,0.41633668200373003,0.23147143669256,0.34227603490374,0.28176347367890003,0.29333213548657,0.27965551217342,0.24328573210624999,0.4790770564394,0.33918089452510003,0.23967830133929,0.3938849340585,0.3634814419119,0.29595574601956,0.33853787761698007,0.28279536348174,0.34782590126499,0.32529069309290004,0.38175120683893,0.391228648883,0.3795776400875,0.4220834767541
offwind-dc,GB,3.26735909992,1.8654241609400002,2.67403322549,3.00317061846,3.85376194376,3.0272657163499996,2.1278829325400004,2.73246755805,1.6000914053,2.9445042761200004,2.60859464286,3.21212688145,2.76196603701,2.48973360393,2.7182442382099996,3.09711688829,2.58844833977,2.05758604302,3.51927548196,2.31887245115,2.93674289649,2.10558385786,1.5971885798599998,2.91584784021,2.24749934503,2.1340185252,1.8511417404900001,0.941761570945,1.22976139852,1.69531116624,2.92114128886,1.9015805961799999,2.4812168142599997,1.46257543754,2.2876542187599997,1.6457575516899998,2.86745650409,2.24205929228,2.26604674885,3.09923229932,2.46776100333,2.3172248656,2.7506876029800003,2.56725623673,2.33877004152,1.99966787186,2.3641360124,1.61164956742,2.56237170172,2.7031891360899998,2.77188896217,2.5569194509499997,3.02515145406
offwind-dc,PL,2.30137523152,2.5027428712699997,2.1186394497400003,1.96697173447,2.4502547712,1.37937683758,0.732048009643,2.74191924035,2.21169332509,2.7664545560000002,1.1955261315299999,2.5104654222600002,2.17379329036,2.02390614791,2.0843172822000002,2.3313344827,2.01723443354,1.11969498574,1.19099413019,2.35182652803,1.73785125406,2.78871647665,0.7317701416039999,1.69908580867,0.9880538368999999,2.06762071221,0.895281841886,2.07267642483,1.9776841305800001,0.793656617934,1.5017422086399999,1.72471670134,1.94822708969,1.45783561723,1.61146588321,1.5970623984799999,1.16610413323,1.45930452201,1.54731704519,2.01718227293,1.63792327686,0.990376025605,2.2564860984000004,2.1552652161199997,1.6418941226300001,1.9022142293500002,1.3284125906500002,1.83149451358,1.92806760595,1.96037856211,2.04554480955,1.9232991967600002,2.3574258880500003
offwind-dc,SE,0.0158297189012,0.0163900765921,0.0147697333105,0.0144499971722,0.0152846850922,0.00978001365237,0.00609270625291,0.0172264728346,0.0153382092639,0.0188895474966,0.0075604654926999994,0.0190774727143,0.0148840297159,0.0128557704563,0.0146800188102,0.0179050426516,0.0154544499984,0.0110354328071,0.0101934568093,0.016746438563800002,0.0146040253254,0.0189150949218,0.00742183471517,0.0148603747473,0.00824012655039,0.013537653963000001,0.00785938124032,0.0134206456899,0.013947775481100001,0.00662145270873,0.0112380450667,0.0123524747487,0.0136111233226,0.00920598442251,0.0112350176438,0.00886942952939,0.00846683849239,0.00989682375218,0.013272139046,0.0148833155836,0.01183042609,0.00766239601444,0.015694887812,0.0144671194866,0.0109498612955,0.013641261199800001,0.00935507958592,0.0124872504934,0.013514766227300001,0.0141184492524,0.014838314880300001,0.0136591637782,0.016538082724599997
onwind,BE,3.63007679013,2.22462414839,3.24999566755,4.95688713598,10.9160258168,6.310608278439999,2.03936795509,4.71915648853,2.01229014147,3.83344841686,6.05808025456,6.152188655310001,2.4871201571699997,3.94748089612,5.65080222887,4.43352263488,2.37441416824,1.95663320374,5.64070004336,2.35733971347,3.3981768149,3.9114818935,2.68761707079,4.65653022999,5.139580216160001,2.05412908353,2.05976377465,1.61981741403,1.96923735208,1.37311402441,3.57582636963,1.65766023692,2.42591319223,1.18937985589,1.55135333803,1.2703323924399998,5.056414677439999,2.9262203427099998,2.61097783039,3.61989143899,3.22144498734,4.7859901123299995,7.26923933621,6.7969944696599995,5.32764821072,1.7889783458,3.36095283273,1.61857324688,4.459402088959999,4.58745468492,7.69627789624,6.17669469239,8.24716262853
onwind,CH,0.0013868041471599998,0.0,0.00144012511822,0.00174022302673,0.012329402611500001,0.00426032165239,0.000887908608917,0.0030237189378,0.0006697059255799999,0.00100807995307,0.00171496964184,0.00181229128676,0.000623241523829,0.0012125465328,0.0058280110963,0.0023677213679100004,0.00052278929065,0.000885675508751,0.0011049700153199999,0.0017514086182399999,0.00212419876051,0.0029728934046800003,0.000858130983398,0.000614054350696,0.0016550280905800001,0.00084714561687,0.00257777690731,0.00161161033259,0.0,0.0005846242653230001,0.0,0.0,0.000742466528456,0.000846168533947,0.0,0.000718294290417,0.0030774858151,0.00447387325638,0.0,0.00102527371959,0.00121479987424,0.0018926120878199999,0.00323668356768,0.00488849388163,0.0067150084011,0.00146555556643,0.00220148769463,0.00323577447144,0.00139437316186,0.000598313268553,0.00286722608426,0.0026635275320999996,0.000722710835296
onwind,DE,59.028162122581996,19.520030957602,32.823945029184,38.9589570130219,71.87572144044749,34.005089544928,13.373355235318401,40.131776921589996,19.454531640341198,54.7922914479533,39.748783508271,57.473098877537,24.327092266311,23.39987698965,33.642218931748,34.088293535500995,27.735520815774,14.04119091077,26.200148629275,17.685102218038,32.139774831761,43.648802593929005,10.730747466178101,32.2573883108544,33.481871696254,39.974294989275,9.289199114048001,15.755339793730199,11.072831807404,8.7218325402858,21.2704207437338,23.260214726421,24.284566448128803,24.6263041728838,29.978321753291002,21.902902367167002,26.121447668491,33.484192486986004,26.423656324746,37.510224362738,23.9102226599762,30.059442144168003,55.778646141859,52.252484647832006,35.812917630946004,16.764612950937902,15.803807821746,32.486654850517,54.616626800167,31.7638074429129,56.042546583961,49.731624690739004,43.6695984589173
onwind,DK,8.2442048276,5.192533751447,6.1657246336,7.7905953538,9.872776700080001,4.739547442020001,3.4439291243500003,7.42839279727,5.25826870106,10.66552480492,7.358236274789999,8.42431651314,3.747731936174,3.1316067418960003,7.57011078619,7.77646557956,7.50565878502,4.01366180445,4.9447827670899995,6.185118785679999,4.68116524597,6.771764453219999,2.29366634007,6.726769998100001,4.8382011478599996,7.498899359889999,2.9461213684520002,6.57800704179,4.6000876225,1.6103033735799999,4.4004703755,5.861370138840001,6.966830353019999,3.527692129407,6.660179412930001,6.956977865190001,4.03552783757,5.4028656043800005,2.30039925401,7.89344663534,5.253181786920001,3.54371285653,9.532456141900001,8.02633988508,5.05774635516,6.2522983988,3.157528745649,6.78805531364,8.51602500154,6.4763602465000005,8.837425988889999,8.19015906726,8.984809084870001
onwind,FR,2.21033011446,2.00649307932,3.36709238418,4.16197194528,9.091001088610001,5.826711872820001,2.2273393647799997,4.54127456292,2.63606941337,3.45945321611,5.56269166495,3.50909815414,2.4407875636,3.8311605702000002,6.169132621519999,3.46436712782,1.69881418478,2.28962313063,4.25833724942,2.59075198694,3.2504621631700004,4.1239116375,2.61070791803,3.30183064184,4.15823467409,1.72724002965,2.67000119905,2.85818902228,1.9635665579,1.6284356106,2.86210420374,1.3810053441699999,1.65316255051,1.85783305207,1.32829693208,1.46603973763,3.7219639924899997,3.49107835131,1.4832481182700001,2.53731939224,2.42826128015,3.54714012355,6.27741269691,4.961200089459999,5.34806130527,2.54126489059,4.24245536939,2.18769232633,1.83025870793,3.07241546964,5.78529008023,5.5186753074,6.02243940346
onwind,GB,29.17313414617,13.018784126816,24.74316609793,32.74871039982,45.28596032034294,28.16067662054,20.565638895,11.388007829548,6.520875990803999,29.20693276444,16.914555488128002,41.36660921634,14.89077709625,14.087289422382,25.6323544944,36.29243910871,28.40558496841,21.16187210639,32.22368817598,15.457969999165,25.60233542962,11.223353143629,4.312696859482,19.236826853795,16.396153329788,17.289970879126997,15.495080578016001,5.4791069838133,6.587240767144,7.343673601308001,21.247995333040002,11.467738485606,21.179551798285,7.886696456198,23.47040101669,13.126996268721001,23.00667390015,20.43924948241,13.787451526364999,28.255385826359998,21.148248589405,15.130146206928,27.31174524149,25.23699921148,18.791951276423998,21.80391844346,14.852612084824,17.253174849352998,26.663990579230003,33.34885030591,38.189988536179996,31.98606371641,33.79559645158
onwind,LU,0.019806888884500003,0.00622728709991,0.0207254901482,0.0159913117284,0.0,0.031029430623100002,0.00599581784379,0.0223289791779,0.0131115762873,0.012170001691899999,0.0242989012078,0.0392337135563,0.0142921956579,0.0246226406783,0.0335985398602,0.0183960192788,0.0119761997441,0.00927866853662,0.023442594947900002,0.0124934880459,0.0165649263618,0.0340351629133,0.00835649735692,0.0140479986017,0.0275365060465,0.00895806708399,0.0133597744794,0.0132235813032,0.014101958655,0.00524083064684,0.0139821918516,0.00662127850039,0.00864195837177,0.00762235952027,0.006119048676390001,0.00685683056576,0.0235432189128,0.0211112627148,0.013424056287,0.0166575763412,0.0118865808321,0.0222824602846,0.0423053159611,0.038128387661799996,0.039052296370999995,0.00679524117743,0.023437426958500002,0.00819183189496,0.0218882607066,0.0108337300596,0.0400487640837,0.0386403889831,0.017803081793
onwind,NL,14.1967970086,6.83866182409,13.011608770299999,14.430597719,27.7791486735,15.0132017673,5.88354431395,14.1982680093,4.92838834071,15.7466029214,14.9033716224,20.665362287799997,10.1284521219,12.6725978298,10.7436508951,14.289139757200001,8.26756531661,6.7127740651100005,14.6581721079,6.62730829518,11.8983648935,11.5111553134,7.8098884212,15.120507798799999,14.0189540664,9.75912866164,4.72768631222,3.62120337238,4.02562091522,4.09733162806,8.667628969359999,7.89041287437,8.2960285184,5.166013839150001,8.5321116284,3.52632310799,12.471603935400001,9.13564513515,11.1416189282,13.4006613686,8.955656774180001,11.1695157548,19.319843537,17.835807193199997,12.1266604429,5.3157631720600005,8.1483993356,6.897768821980001,15.124981153999999,12.0358282824,19.3440218074,16.830478435,20.5551333966
onwind,PL,16.7052982423,9.482563646040001,5.10516267587,5.03850879465,18.653940048600003,5.64603185421,2.23930928713,11.228800368,10.012012951,9.746246950909999,10.4971673625,8.47441194992,10.9905673013,5.18208807622,7.1135233392199995,6.28724651579,5.72768509924,3.79145257929,4.23439823264,6.646324502280001,5.228692676270001,8.26860309335,2.7628596181900003,3.3745957568300002,3.5593679423799998,5.912385615580001,2.31358638907,6.31100016366,3.90507994092,2.54734361729,3.62012865742,3.7773821277699997,3.98208311384,4.44879133992,6.9532429139200005,6.45734515393,2.43768560098,10.5520803221,6.01820521171,5.19199768083,4.00034279737,6.70390333561,9.46793888563,9.48588436588,6.68593695213,4.24717220098,5.77668982856,11.2511904053,17.1275178832,4.7556764868600006,11.9211033089,13.230316427,4.99167786195
onwind,SE,2.7276470067400003,2.84107684744,2.4338098270199997,3.50072791914,3.72467311416,2.61781355943,1.35368504075,2.78392645145,5.31447599099,3.37157955167,2.19612298604,3.3668722017599997,1.4143957244799998,1.8057414082099998,2.83672487282,5.29177146196,4.0494387557,3.34411983183,1.7630715378,2.74413899792,2.21903189341,1.8498885725299998,1.4761255421400001,2.39228501912,2.2589833638599996,1.6387846025700001,2.1546750057899997,2.52213661559,3.59380809571,1.02805031237,1.73011465425,1.41321591671,2.6640215601099997,1.05205709449,1.86134310915,1.45652530265,2.47229104658,2.84031866218,2.17789559172,2.98562323847,2.20821167057,1.76844686404,4.04468549442,2.92285655765,1.93993998966,4.51832988955,2.5172527999,5.18666278988,4.34850396947,4.2044797819,4.14183075583,4.97235161508,4.01844235896
ror,AT,1.59469412136,1.87258873887,1.65869775571,1.58579358654,1.60193031821,1.46413194993,1.31006207425,1.2592800340799999,1.2983063512900002,1.63152991936,1.79567262807,1.22741638016,1.22505872068,1.36292489635,1.87278862742,3.80327788697,4.29358061869,4.7181463831,4.8025,4.68594383261,4.36237721148,4.40923187278,4.8025,4.8025,4.31228796883,4.7231928516999995,4.02743833456,3.37366631108,2.60165877234,2.38885831069,2.2022757952400003,1.9591513731099999,1.82098683157,1.92395603117,2.48132537748,1.3805738468300002,2.04209284442,3.1852486834400002,1.98024532701,2.12225302295,2.14294953492,2.22664031182,1.94348417498,2.4557904275199998,2.5271813243900003,2.1841797440999997,2.03339254969,1.95081293336,1.68791970804,1.63812819813,1.5249019642400001,1.64303402422,1.69974670542
ror,BE,0.0759242071204,0.0760098600961,0.07651533801259999,0.0732029370051,0.0757816321391,0.07091029532899999,0.06996192708389999,0.0696168656943,0.0678394773684,0.0656683760895,0.0628215063849,0.061511237932100005,0.0574357569028,0.0547026189303,0.0535913977147,0.049656671630399996,0.045126603205999996,0.0413840820765,0.0379102665931,0.0362094452024,0.038174591275399995,0.0323904362022,0.028774194151,0.0274934241794,0.0262106252653,0.0260634659902,0.024496788377400002,0.0210041421094,0.019289696536,0.0184192861179,0.0170402505991,0.0154049825118,0.0137968397495,0.0129102886531,0.0118373307163,0.0110731951104,0.0128417962574,0.013701050933499999,0.00965154397067,0.00895275756364,0.00926561919856,0.009815626755000001,0.013191302420899999,0.017093578994000002,0.033421825742400005,0.0294568903317,0.0275355555545,0.0302685188349,0.0317551134446,0.032412413076,0.0335195801369,0.0426128832409,0.0470958833671
ror,CH,0.700315016032,0.64316445071,0.569743496512,0.518969324077,0.567794993129,0.5297179794820001,0.43692094239400003,0.420246611833,0.394761803232,0.415669024406,0.415420909692,0.35880615105999997,0.373938132719,0.374680358335,0.518206360504,1.10467985061,1.42767224901,2.5960108748799997,3.04566858369,2.96485321242,2.30789932074,2.02799570291,3.09431266593,3.5782863445100004,3.13634228787,2.24068484445,1.75274282064,1.32407705425,1.06073352524,1.05141180397,1.14263040144,1.00957004913,0.785309037762,0.732277920334,0.820472579001,0.5646544914539999,1.16002914437,1.18882768397,0.922167394182,1.10509754341,1.05000772203,0.9392019871380001,1.4972365912299999,1.46309327332,1.35671418428,1.10147286627,0.97320679585,0.8657811538350001,0.77267708523,0.693430674253,0.637470674047,0.6532790170870001,0.650623626232
ror,DE,2.3566797957385996,2.4734528990809004,2.369776006899,2.2933961606029003,2.2697078924714003,2.583891847646,2.578874899324,2.5779734238309997,2.576595621568,2.577725942659,2.577712528667,2.5742544412653996,2.4885110807613002,2.3849929370633,2.5048261083229,2.614976396085,2.632438550287,2.6956032233430003,2.719913368994,2.6847591330046,2.6758365721568,2.6550238162276,2.722543246568,2.748708639459,2.724815522148,2.6763929943540004,2.650013058158,2.5398747592922994,2.1591890303499,1.8480858125292001,1.7200985938558002,1.5567524945563,1.3086590720158002,1.1361828988124,1.1991454451489998,0.9294532594539999,1.2622078339415,1.5624968833148,1.0443665888605,1.0083739043026998,1.1380105836695,1.5164912809052,1.1447488561091,1.2806365749636,1.8292567758015,1.6997033700066002,1.6525656286725,1.7114444553351,1.7379859022497,1.7846971202027,1.770788218293,1.9646242551875,2.0777059527183996
ror,FR,2.8047834264600002,2.45532247567,2.88002076525,3.06197707506,3.4101728816300003,3.71536936541,3.44076407972,3.31123053518,3.04232864812,4.06067811611,3.69892091464,3.3323402164,3.8687402574100003,4.07485568085,4.70355064576,6.10551896993,5.87167269745,6.64046441443,6.64164489348,6.6414327302,6.5423702830499995,6.44284926928,6.641772597999999,6.5563794963,6.3505666245,4.4245298566299995,3.5320093035599998,3.0944048317800004,3.03969160205,2.74089481618,2.61346330313,2.38564047855,1.6628460540999999,1.32254783643,1.31648236647,1.14112633411,1.6299338810100001,1.39516451011,0.815721548128,1.71901922857,2.01494301015,1.8484958065000001,2.07661075923,1.77275994711,3.72146087434,3.0257361885400003,2.82316121372,1.8701169140899998,1.75498058833,1.6860205517700002,1.95159166757,3.3257631129000003,3.6604690123999997
ror,GB,1.47736208526,1.40970109845,1.23140821306,1.0806591341,1.02656530009,0.919192703646,0.89797959603,0.845927574319,0.78598394235,0.723117316389,0.6590428291670001,0.604257426384,0.5449517542029999,0.500549493513,0.461961717028,0.45470277450200003,0.40850449869,0.39723378304699997,0.408953064174,0.437653520109,0.42284798563599996,0.39689580493300003,0.355482963829,0.332745109484,0.309317683303,0.28665645046,0.263188130036,0.23650842701799998,0.215597831516,0.212549971655,0.242011875552,0.22559080162,0.18862827653599998,0.190576247013,0.183478840182,0.192669006149,0.203375662462,0.221801552847,0.214787697492,0.23521500859099997,0.23302833138,0.23874827236799998,0.342576374605,0.466225992418,0.5773511381549999,0.655873039723,0.647674403587,0.597186301614,0.569416664924,0.587133943409,0.738538869888,1.04574179555,1.19792607786
ror,LU,0.0280408524919,0.0294903223706,0.028284586228199998,0.0273941400521,0.0,0.030899999999999997,0.030899999999999997,0.030899999999999997,0.030899999999999997,0.030899999999999997,0.030899999999999997,0.0308951957281,0.0298484310954,0.0285961284312,0.029951405055399997,0.030899999999999997,0.030899999999999997,0.030899999999999997,0.030899999999999997,0.0305277244411,0.0308493280157,0.0307806395999,0.030899999999999997,0.030899999999999997,0.030899999999999997,0.030899999999999997,0.030899999999999997,0.029848378880399998,0.025417015581400002,0.021661021340200003,0.020053669227699997,0.0181653601157,0.0153118490828,0.0132608110919,0.0139645407483,0.010870472919099998,0.014505142991,0.0181176308584,0.0120263553624,0.0114715097565,0.013075188174999999,0.017724497015800002,0.0128642841008,0.0145298603247,0.021233726946000002,0.0198339430775,0.0193477763755,0.020130014863700002,0.0205118428846,0.0211285187629,0.0209969075009,0.023330580065199998,0.024699783030199998
ror,NO,0.32062830528400005,0.304770377476,0.278631597887,0.258781097107,0.24109684859500002,0.223751581516,0.208924157112,0.196617352074,0.201582114363,0.179481625271,0.16687394639199998,0.15769787641799998,0.148596838477,0.14017038670100002,0.134938336321,0.197049055988,0.171329007781,0.16817677122699998,0.298304137749,0.41912000528,0.653398659317,0.766904394348,0.8791901335769999,0.7853929879260001,0.731481672101,0.7524533504690001,0.691857584819,0.6619347265059999,0.653370943151,0.566510233245,0.576217892898,0.599821378477,0.607066426376,0.618741485981,0.559646093483,0.537750869503,0.494591575173,0.5438600087459999,0.484952540437,0.45794664013499997,0.574631510025,0.495934270595,0.527082995664,0.532554678304,0.506013017602,0.504470825274,0.49763595998300003,0.4694855523,0.461461991428,0.496822535796,0.48530571127899996,0.45805539692,0.457367902985
ror,PL,0.0951758626826,0.102181228609,0.09989736637119999,0.109649640011,0.160198386931,0.14686838782699999,0.14128986568,0.155140561128,0.17862483100899998,0.177889166534,0.18168262646599997,0.181332382164,0.18139498887799999,0.18240036878000002,0.18240036878000002,0.18240036878000002,0.18240036878000002,0.18240036878000002,0.18240036878000002,0.18240036878000002,0.18240036878000002,0.18240036878000002,0.18240036878000002,0.18240036878000002,0.18240036878000002,0.18240036878000002,0.18240036878000002,0.18170858835300002,0.173659773646,0.14821844326199998,0.160967819466,0.13441845524799997,0.12421784504500001,0.107862540169,0.098650860795,0.0975911362008,0.10280230651399999,0.135063068637,0.102500162021,0.0805445818598,0.0763655162468,0.08686141196660001,0.0805322937697,0.0784268258897,0.104144925154,0.0884756394044,0.0832785680171,0.08793155809629999,0.0849451333768,0.09998013933609999,0.0902129018542,0.09893407026369999,0.101138165806
ror,SE,0.8518811986470001,0.813241086026,0.767765975865,0.723677828125,0.683740854066,0.642443107923,0.605315115381,0.570961521022,0.545464016078,0.510436551582,0.480912449616,0.455838360391,0.431811352106,0.409058505341,0.388923723946,0.426430255968,0.399062138064,0.403000932006,0.496058775137,0.704895389196,1.18253621321,1.27649704165,1.13967711997,1.01245142571,0.952811417674,0.922613967894,0.889513251148,0.858975115931,0.869012579072,0.795894737767,0.828671102352,0.772882623726,0.735823071298,0.739855699072,0.680500681626,0.6701007916459999,0.6402318000830001,0.798451382516,0.936580746028,0.921044592284,0.946942866601,0.89756305008,0.860610155709,0.833052612578,0.784690918293,0.765033274479,0.745972072511,0.720807672098,0.6966923229940001,0.704626902227,0.6753315195390001,0.667096330168,0.667939658641
solar,AT,1.10088833095,1.06127300351,0.852769504137,1.10181634887,1.42692404027,2.0323630214499997,1.8567872485299999,2.11435900547,2.61061568908,2.6379044882500002,2.61839683048,2.97144852442,2.21486603193,2.08108020515,3.4999838489,3.25813771117,4.32756877296,3.2812931064899997,2.96623455481,4.1014862482500005,2.77021253324,2.16989475353,3.789952901,4.4646234510800005,4.260945044910001,3.56131628383,4.31980072294,4.782515292799999,5.32286638204,4.6314310142699995,5.05122369481,4.196181011769999,3.93551879794,3.32266998333,3.1835195717,4.12640585677,2.28584522327,2.8037551500899998,2.51063323984,2.78632833853,2.0038464388299997,2.98782512694,2.737614746,1.5299328192400001,1.46817758505,1.29320816814,0.777641376392,1.4641846565999999,1.6196733611,1.81658230741,1.72688142776,1.38581501022,1.28417444363
solar,CH,0.030798182375500003,0.0330766544666,0.0268643618203,0.034648443422600005,0.0351928390793,0.0470956975352,0.0491904060609,0.0598964967623,0.0667766310299,0.06427666270490001,0.06420111447070001,0.0716041261793,0.052838996509300004,0.060018030423399996,0.0987589480363,0.0754208043243,0.0899974093025,0.0789756621023,0.08099822463060001,0.0898526341499,0.0703464556593,0.0633839926853,0.121341709067,0.12219750935099999,0.0926094203181,0.0977739965561,0.110530843999,0.142163068698,0.128550841755,0.109524627958,0.139309949374,0.0998749607787,0.11369650624899999,0.109499982254,0.105642733915,0.11645996541300001,0.053323922073200004,0.09386962505520001,0.0711282552534,0.0487346953665,0.0408677407216,0.0753931758657,0.0650510802291,0.0487387761816,0.0478011378645,0.03207398852,0.0205147888035,0.04253905807,0.0577869339789,0.0537128104734,0.047615200132299994,0.0352098140799,0.06777532518639999
solar,CZ,2.5231305995,2.02028669403,1.31158996411,1.54164670782,3.36653696699,4.77349451909,2.17701292534,2.49816049789,5.27993378788,5.1280268266,6.70685654916,6.8685324935,5.23857163769,4.557971740809999,7.99947286342,9.95571565949,10.691357278,6.638424370099999,7.98050172195,12.5315440868,6.7129538038700005,5.20568254935,8.85293257431,12.9915241231,12.2144650967,8.8120118498,12.4547192377,12.0742579753,14.538010858400002,13.5410071446,13.1074964976,11.778129460899999,11.268110907399999,8.2384403083,8.43378954272,10.5564550768,5.9847236635600005,4.56380102321,8.30688365419,10.2945290858,5.33952231037,5.41862149854,6.04351602594,4.21861040889,3.1128793557,3.75577829724,1.9510140197999999,3.3481917772000003,2.6888910788100002,2.8211675402300003,2.72592295813,3.37843556703,1.6740097919899999
solar,DE,1.282519266402,1.852811442323,1.4200310423040001,1.428625204333,1.8552682860290002,3.612666391334,2.902835241924,2.7054471077480002,3.984409279358,4.7838135893830005,4.772916519246,5.351439851873001,5.759154141882,5.685883530716,6.436141427385,7.639749844519001,7.682523165679,7.884090642691,6.216122607238,7.372557061707,5.136536852159,5.866267239683999,10.255653959700002,9.53841445979,9.13499880417,6.769099437063,9.99014906825,10.614507254150002,11.91399520725,8.84714941824,10.14808615782,7.882905716419,8.179830396331,8.220131908027,7.224439843210999,8.266614358151001,4.0716926407709995,4.614492797346,6.470256776632,6.008570035134,3.2759675410559996,3.974708783761,4.17454080948,3.392712022615,2.928617291998,2.431134647764,1.895252589959,2.520942553271,1.8000338754890002,2.375859792435,2.361679267551,2.487186162619,4.43709009331
solar,DK,0.01286801097158,0.00948415144037,0.01187441211203,0.010228224948459999,0.02352955066502,0.019031839426159998,0.01471857163561,0.025945591547600004,0.0621466596656,0.0630400949434,0.05852732433670001,0.05283646862579999,0.0918649018606,0.10557332524310001,0.059714232464999996,0.10605627416539999,0.0923921562552,0.123641444611,0.0699101411125,0.0926867050009,0.08247391601160001,0.1090138191628,0.1330275246193,0.0873621344549,0.0755920639165,0.06581428708709999,0.11217329825670001,0.1167071198029,0.1270181206249,0.10066457999070001,0.09790802532550001,0.088197400484,0.0764289447903,0.0994335449831,0.0699737160597,0.0639680189632,0.06579407944150001,0.0551599966142,0.0701730161374,0.060200885741,0.0341346304875,0.027627412529719998,0.026428593360310004,0.024706178390449998,0.03031791578645,0.020391511445479998,0.02554441401846,0.01882914730081,0.012772871941330002,0.00681186145829,0.012296236635300002,0.01023145987939,0.024469761177
solar,FR,3.7806355030599996,3.69332358999,3.2337857892299997,4.50810792349,4.6323676784400005,4.5149400567299995,6.7699824171700005,7.65941407579,7.97484879535,5.85106230977,6.754631863519999,7.71882704835,7.83913896851,7.56919420724,9.47128280125,9.998673767460001,8.20988803437,9.36290233809,8.71646241817,7.41184490554,9.33305861667,9.009394563359999,10.453569857,10.6080655864,8.46584243342,11.0966148277,11.5026340027,12.8589749542,11.9669285715,11.0148865874,12.362373591899999,10.5824732793,11.168966436,10.673221733799998,11.2638575312,9.824658562209999,7.44587425271,9.0675487444,7.69855724713,6.71501949205,5.94385540339,5.74605033263,5.421495241700001,5.44480160072,4.23337210849,3.95352981324,3.59993979788,5.29649904274,6.377372129139999,6.16610713151,4.35971985231,3.88297568069,4.900921128109999
solar,GB,0.24813651100401,0.36937143827651997,0.23200420418179998,0.31577938162184,0.5925704088573,0.45949341915879,0.7432894636002,0.4895987457157,0.610369898808,0.5328478402125001,0.9094591526688001,0.50278935935,0.9614074906699,1.3939961655741,0.9229735496064001,1.3589167430964,1.4476689836016998,1.8061685996654,1.1811485839886,1.0873977755322,1.4407744098092,1.4448308979137001,1.7706985288165,1.0409349551769,1.0771518977618,1.5095279769662,1.6897962942040998,2.0026811177225,1.8373188905104998,1.410610994362,1.2759217898720998,1.4484138142976,1.1408328326771,1.3354505468873998,1.501630248856,1.2846938903545,0.7968030329689,0.7631180258061,0.9237449305366999,0.6927279926734,0.6266234695799001,0.5501170364287,0.5945560103755,0.7024633193249,0.46576062757060005,0.53429320887268,0.55727475793698,0.30032522377912,0.33297684490336,0.23842201787404002,0.3816761762319,0.51015154720482,0.2305809084516
solar,LU,0.185923314004,0.235681298752,0.20248831801,0.19147591803800001,0.0,0.303804483189,0.38409735843599996,0.357727822375,0.5284403864780001,0.5543404996839999,0.598720540274,0.602822041564,0.8167321901369999,0.820851393571,0.7380738664619999,0.938767055762,0.923009645241,1.05843252481,0.685471012241,0.519063791826,0.725197375395,0.9577258384289999,1.13285244134,0.997042175608,0.911076083958,0.901897449298,1.18903481486,1.48183321166,1.47459166656,0.933579879366,1.17918708571,0.95958732183,1.15017002034,0.852503224824,1.0084924449400001,1.0295834964400001,0.484985022165,0.5871296939940001,0.869790152292,0.6532175754690001,0.32613905730599996,0.426601421016,0.383362257216,0.345580957127,0.205875295462,0.32886983817800003,0.28221391069499996,0.389159286,0.261309302893,0.325182223727,0.259871771921,0.161432048709,0.5861060885770001
solar,PL,1.07640285347,0.856770177237,0.606935932935,0.885438009016,1.31372550806,1.85232868712,1.17120029761,1.47345942339,3.27160264939,2.6529067776699997,2.83277762672,2.9710306413,2.68329697762,2.46607518968,4.241214783579999,6.21613311447,5.29076516024,4.1524851079500005,4.83510191493,7.05159436206,4.07244100947,4.3200655632,4.75980110064,6.45688663757,6.60979608172,4.30030466033,7.54069526488,5.20554685617,7.251823611200001,6.64982146084,6.52269564662,6.44955321355,5.86328303145,5.03686995214,4.35639273699,6.29363875675,3.2152744384900003,2.80880156447,3.68204157567,4.4238661845500005,3.4664465404900002,2.59747928166,3.51330032609,2.39343659179,1.4087532308100001,1.49194263784,1.19453662651,1.3248532069299999,1.37558542227,1.5088288434700001,1.9919407332999999,1.8502636691299998,1.97527924064
PHS,AT,0.0,5.057300000000001,2.831991836286451,0.170619305275556,0.0,0.0,1.3536220156678898,0.0,2.43935298433211,0.0,0.0,0.0,1.511342901114453,2.281632098885547,0.0,0.0,0.0,5.057300000000001,0.0,1.87631228188481,0.0,0.0,5.057300000000001,0.0,0.0,0.0,0.0,0.0,0.0,0.0,0.0,0.0,0.0,0.0,0.0,0.051674070813943214,0.0,0.0,0.0,0.0,5.057300000000001,1.8332274511060356,0.0,0.0,0.0,1.215138188353377,5.057300000000001,0.0,0.0,0.0,0.0,0.0,0.0
PHS,BE,0.0,0.0,0.029434553902392028,0.0,0.0,0.0,0.029434553902392028,0.0,0.0,0.0,0.0,0.0,0.0,0.0,0.0,0.0,0.0,0.0,0.0,0.029434553902392028,0.0,0.0,0.029434553902392028,0.0,0.0,0.0,0.0,0.0,0.029434553902392028,0.0,0.0,0.029434553902392028,0.0,0.0,0.0,0.0,0.0,0.0,0.0,0.0,0.0,0.029434553902392028,0.0,0.0,0.0,0.0,0.029434553902392028,0.0,0.0,0.0,0.0,0.0,0.0
PHS,CH,0.0,1.7980014973192406,0.0,0.0,0.0,0.0,1.7980014973192406,0.0,0.0,0.0,0.0,0.0,0.0,0.0,0.0,0.0,0.0,1.7980014973192406,0.0,0.0,0.0,0.0,1.7980014973192406,0.0,0.0,0.0,0.0,0.0,1.7980014973192406,0.0,0.0,0.0,0.0,0.0,0.0,0.0,0.0,0.0,0.0,0.0,0.0,0.0,0.0,0.0,0.0,0.0,1.7980014973192406,0.0,0.0,0.0,0.0,0.0,0.0
PHS,DE,0.0,0.21721100761957746,0.0,0.0,0.0,0.0,0.21721100761957746,0.0,0.0,0.0,0.0,0.0,0.0,0.0,0.0,0.0,0.0,0.21721100761957746,0.0,0.21721100761957746,0.0,0.0,0.21721100761957746,0.0,0.0,0.0,0.0,0.0,0.11318429549592783,0.07328881744986865,0.0,0.0,0.0,0.0,0.0,0.0,0.0,0.0,0.0,0.0,0.022129189767126918,0.00860870490665406,0.0,0.0,0.0,0.0,0.21721100761957746,0.0,0.0,0.0,0.0,0.0,0.0
PHS,FR,0.0,0.1997471931755672,0.22580198592129086,0.0,0.0,0.0,0.425549179096858,0.0,0.0,0.0,0.0,0.0,0.0,0.11215936915515912,0.0,0.0,0.0,0.0,0.0,0.425549179096858,0.0,0.0,0.425549179096858,0.0,0.0,0.0,0.0,0.0,0.0814029730022694,0.3441462060945886,0.0,0.425549179096858,0.0,0.0,0.0,0.0,0.0,0.0,0.0,0.0,0.0,0.425549179096858,0.0,0.0,0.0,0.0,0.425549179096858,0.0,0.0,0.0,0.0,0.0,0.0
PHS,GB,0.0,0.036084391824298456,0.0,0.0,0.0,0.0,0.0,0.0,0.036084391824298456,0.0,0.0,0.0,0.0,0.036084391824298456,0.0,0.0,0.0,0.0,0.0,0.036084391824298456,0.0,0.0,0.036084391824298456,0.0,0.0,0.0,0.0,0.036084391824298456,0.0,0.0,0.0,0.036084391824298456,0.0,0.0,0.0,0.0,0.0,0.0,0.036084391824298456,0.0,0.0,0.036084391824298456,0.0,0.0,0.0,0.0,0.036084391824298456,0.0,0.0,0.0,0.0,0.0,0.0
PHS,LU,0.0,0.07995270245640987,0.0,0.0,0.0,0.0,0.07995270245640987,0.0,0.0,0.0,0.0,0.0,0.07995270245640987,0.0,0.0,0.0,0.0,0.07995270245640987,0.0,0.0,0.0,0.0,0.07995270245640987,0.0,0.0,0.0,0.0,0.0,0.07995270245640987,0.0,0.0,0.07995270245640987,0.0,0.0,0.0,0.0,0.0,0.0,0.07995270245640987,0.0,0.0,0.07995270245640987,0.0,0.0,0.0,0.0,0.07995270245640987,0.0,0.0,0.0,0.0,0.0,0.0
PHS,NO,0.0,0.2823,0.2823,0.0,0.0,0.2823,0.2823,0.0705749999999996,0.0,0.0,0.0,0.0,0.0,0.0,0.0,0.0,0.0,0.0,0.0,0.0,0.0,0.0,0.0,0.0,0.0,0.0,0.0,0.0,0.0,0.0,0.0,0.0,0.0,0.0,0.0,0.0,0.0,0.0,0.0,0.0,0.0,0.0,0.0,0.0,0.0,0.0,0.2823,0.0,0.0,0.0,0.0,0.0,0.0
PHS,PL,0.0,0.0,0.0,0.08579338924333847,0.0,0.0,0.08579338924333847,0.0,0.0,0.0,0.0,0.0,0.0,0.08579338924333847,0.0,0.0,0.0,0.08579338924333847,0.0,0.08579338924333847,0.0,0.0,0.08579338924333847,0.0,0.0,0.0,0.0,0.0,0.0,0.0,0.0,0.0,0.0,0.0,0.0,0.0,0.0,0.0,0.0,0.0,0.08579338924333847,0.0,0.0,0.0,0.0,0.0,0.08579338924333847,0.0,0.0,0.0,0.0,0.0,0.0
PHS,SE,0.0,0.092,0.092,0.0,0.0,0.092,0.092,0.0,0.0,0.0,0.0,0.0,0.0,0.0,0.0,0.0,0.0,0.0,0.069,0.0,0.0,0.0,0.040495615139804396,0.0,0.0,0.0,0.0,0.0,0.0,0.0,0.0,0.0,0.0,0.0,0.0,0.0,0.0,0.0,0.06899999999999999,0.0,0.0,0.0,0.0,0.0,0.0,0.0,0.07450438486019559,0.0,0.0,0.0,0.0,0.0,0.0
hydro,AT,0.0,3.6006199999999997,3.6006199999999997,3.6006199999999997,0.0,1.0122210497566695,3.6006199999999997,1.6405172713371587,3.6006199999999997,0.0,0.0,0.0,1.2864333298877018,3.6006199999999997,1.263691862338815,0.9575748437093152,3.6006199999999997,3.6006199999999997,3.6006199999999997,3.6006199999999997,1.7456162489429967,0.0,3.6006199999999997,0.0,0.0,0.0,3.6006199999999997,3.148892757146878,0.0,3.6006199999999997,0.0,2.0480199700702704,0.0,3.6006199999999997,0.0,3.3382923812558585,0.4924052536790865,0.0,2.7682215196182733,0.0,3.6006199999999997,2.316301153948364,0.0,0.0,1.7052530261701697,3.6006199999999997,3.6006199999999997,3.6006199999999997,0.0,3.6006199999999997,0.0,0.0,0.0
hydro,BE,0.0,0.0127828025478,0.0127828025478,0.0127828025478,0.0,0.0127828025478,0.0127828025478,0.0127828025478,0.0127828025478,0.0,0.0127828025478,0.0,0.0127828025478,0.0127828025478,0.0,0.0,0.0,0.0,0.0,0.0,0.0,0.0,0.0127828025478,0.0,0.0,0.0,0.0127828025478,0.0,0.0127828025478,0.0127828025478,0.0,0.0,0.0,0.0,0.0,0.0,0.0,0.0,0.0,0.0,0.009442591400150255,0.0127828025478,0.0,0.0,0.0127828025478,0.0127828025478,0.0127828025478,0.0127828025478,0.0127828025478,0.0127828025478,0.0,0.0,0.0
hydro,CH,0.0,9.72441,9.72441,0.38119463557074423,0.0,0.0,9.72441,0.0,9.420513770290745,0.0,0.0,0.0,0.0,4.16262515537471,1.1127586340497988,0.0,0.0,6.887845974335834,0.0,0.0,0.0,0.0,7.364240548786936,0.0,0.0,0.0,3.8192908463011155,2.787648284797801,9.72441,9.72441,0.12049954122442669,0.0,0.2569052682549152,0.0,0.0,2.3241425282018384,0.0,0.0,2.6366208973959857,0.0,5.81393029001462,4.814350863980686,0.0,0.0,2.913309325318012,9.72441,9.72441,9.129388669829847,0.0,0.0,0.0,0.0,0.0
hydro,DE,0.2787915152983496,0.2895,0.2895,0.2895,0.07763724452147754,0.2895,0.2895,0.2895,0.2895,0.2895,0.2895,0.2895,0.2895,0.2895,0.2895,0.0,0.2895,0.2895,0.1695,0.2895,0.2895,0.2895,0.2895,0.10591333016466783,0.2895,0.269602578855223,0.2895,0.2895,0.2895,0.2895,0.0,0.2895,0.0,0.2895,0.0,0.2895,0.2895,0.2895,0.2895,0.0,0.2895,0.2895,0.0,0.0,0.2895,0.2895,0.2895,0.2895,0.2895,0.2895,0.284735096900168,0.0,0.23643140324054132
hydro,FR,0.0,8.32949299363,8.32949299363,8.32949299363,0.0,8.32949299363,8.32949299363,8.32949299363,8.32949299363,0.0,8.32949299363,0.0,8.32949299363,8.32949299363,5.299184917844109,0.0,8.32949299363,4.979849970024936,0.0,8.32949299363,6.808727100944397,0.0,8.32949299363,0.0,0.0,0.0,3.983684553973245,3.489436643709843,7.572276472364131,8.32949299363,0.0,0.0,0.0,8.32949299363,0.0,0.339198414983778,0.0,0.0,0.0,0.0,2.2727766405012955,6.429971112524233,0.0,0.0,5.8558753403738795,8.32949299363,8.32949299363,8.32949299363,6.630113581007726,8.32949299363,0.0,0.0,0.0
hydro,GB,0.0,0.2283,0.0,0.0,0.0,0.0,0.17698894850404046,0.0,0.0,0.0,0.0,0.0,0.0,0.0,0.0,0.0,0.0,0.0,0.0,0.0,0.0,0.0,0.0,0.0,0.0,0.0,0.0,0.0,0.0,0.0,0.0,0.0,0.0,0.0,0.0,0.0,0.0,0.0,0.0,0.0,0.0,0.0,0.0,0.0,0.0,0.0,0.2283,0.004222962317741576,0.0,0.0,0.0,0.0,0.0
hydro,NO,4.185363470006002,28.4162742,28.4162742,28.4162742,5.380263974295,28.4162742,28.4162742,28.4162742,27.596060510679102,4.972141102419001,28.4162742,5.399883184572001,28.4162742,28.4162742,2.785321296068999,1.484454624002,1.8890593319915998,3.484191395978814,0.7173716250647003,0.0,0.0,0.0,8.976282684153878,0.0,0.0,0.0,10.589910592311004,9.223360790238006,4.13853771425163,12.652871810507568,0.0,10.714025896598905,0.0,12.23214890928109,0.0,13.723848863633762,11.708023776126307,11.694109034361311,18.98425361979501,0.21487846845500014,19.5501532644406,23.10162943116326,0.9378522320259999,1.476740668385999,26.8901541043906,27.905519542336005,28.4162742,26.207061317951602,28.4162742,24.7819214437336,13.411233458667018,2.36303161647,3.852665094595819
hydro,PL,0.140101910828,0.140101910828,0.140101910828,0.140101910828,0.0,0.140101910828,0.140101910828,0.140101910828,0.140101910828,0.140101910828,0.140101910828,0.140101910828,0.140101910828,0.140101910828,0.140101910828,0.0,0.0,0.140101910828,0.0,0.010200180489736239,0.0,0.0,0.140101910828,0.0,0.0,0.0,0.140101910828,0.140101910828,0.140101910828,0.140101910828,0.140101910828,0.140101910828,0.140101910828,0.140101910828,0.140101910828,0.140101910828,0.140101910828,0.140101910828,0.140101910828,0.140101910828,0.140101910828,0.140101910828,0.0,0.140101910828,0.140101910828,0.140101910828,0.140101910828,0.140101910828,0.140101910828,0.140101910828,0.140101910828,0.0,0.140101910828
hydro,SE,4.073486515899801,10.7841866249,10.7841866249,10.7841866249,4.714676914390801,10.7841866249,10.7841866249,10.7841866249,10.7841866249,7.128618385798455,10.7841866249,6.122099864413699,10.7841866249,10.7841866249,5.1930641797254555,0.0,0.0,1.2208714001879049,0.0,0.0,0.0,0.0,0.7719938099493265,0.0,0.0,0.0,5.307897645300681,4.4469153580341,0.0,10.7841866249,0.0,0.0,0.0,10.7841866249,5.981538250755792,10.7841866249,10.7841866249,6.179236805236621,10.7841866249,0.6926943695953997,10.7841866249,10.7841866249,0.0,1.5643854372443993,10.7841866249,6.957681130555201,10.7841866249,10.7841866249,4.405223667088787,10.7841866249,0.0,0.0,0.0
